6b7fd042-0020-49cf-a762-4020e8410b93.jpg,8
08f23ce2-b813-4cd9-9e5a-eea42266b3e8.jpg,6
687882a5-c92d-4425-89b2-e65e14299e37.jpg,2
035e2ac6-5ba3-4afa-9aa5-fde71ea4c1b1.jpg,5
a8d61fde-974d-4a91-8942-d64a4e745d43.jpg,6
6b9ad4ff-5406-4720-a792-0fd6ab42829c.jpg,2
e74a0012-5e55-40df-a514-0c0bfb55b4ff.jpg,7
8142391c-31a2-4aef-b1fa-faa85ea75790.jpg,5
417343ca-c7d5-4f32-91ee-9ce66c2418cb.jpg,4
5f2dec77-abcb-4966-bc8f-64964f2813b4.jpg,3
1a3b690b-5c0c-4699-9b36-a2ad904d1572.jpg,6
531d2562-78b7-45a7-bfe1-769180fcbc48.jpg,6
2ac36c54-ceff-4c20-8b60-6f27196476b4.jpg,5
f4d87bcd-aad4-424c-8293-c978fc534b9a.jpg,8
afbc6a66-4111-47ab-9ac1-5ddee894045c.jpg,2
9422778a-1142-4f5c-bd73-0ceda793af4e.jpg,8
4266a2ce-8ad5-4033-950b-6a7591aafa55.jpg,1
10467290-8cf3-4d8d-a604-f9748cae433e.jpg,2
2b7ba39e-5bf4-453d-aa45-06dee9d18703.jpg,1
03a9ee22-3e37-4993-a7a6-65b0245d753f.jpg,2
46db7614-2bfb-4259-b4c2-180cefb0662a.jpg,8
930adb15-3d5f-4391-b341-a1028dc6f0e6.jpg,4
42bfde16-84a5-4df6-90a2-7df1808dc72b.jpg,5
6d062301-68dd-40cc-855a-ee7abda49074.jpg,7
52c18b7e-b7c8-4841-b2d3-8346c87f4163.jpg,8
